{
  "prepare_queue": {
    "installed": [],
    "uninstalled": []
  },
  "config_munge": {
    "files": {
      "config.xml": {
        "parents": {
          "/*": [
            {
              "xml": "<feature name=\"Badge\"><param name=\"android-package\" value=\"de.appplant.cordova.plugin.badge.Badge\" /></feature>",
              "count": 1
            },
            {
              "xml": "<preference name=\"xwalkZOrderOnTop\" value=\"true\" />",
              "count": 1
            },
            {
              "xml": "<preference name=\"BackgroundColor\" value=\"0\" />",
              "count": 1
            },
            {
              "xml": "<preference name=\"android-minSdkVersion\" value=\"19\" />",
              "count": 1
            },
            {
              "xml": "<feature name=\"TTS\"><param name=\"android-package\" value=\"com.wordsbaking.cordova.tts.TTS\" /><param name=\"onload\" value=\"true\" /></feature>",
              "count": 1
            }
          ]
        }
      },
      "res/xml/config.xml": {
        "parents": {
          "/*": [
            {
              "xml": "<feature name=\"Camera\"><param name=\"android-package\" value=\"org.apache.cordova.camera.CameraLauncher\" /></feature>",
              "count": 1
            },
            {
              "xml": "<feature name=\"Device\"><param name=\"android-package\" value=\"org.apache.cordova.device.Device\" /></feature>",
              "count": 1
            },
            {
              "xml": "<feature name=\"Compass\"><param name=\"android-package\" value=\"org.apache.cordova.deviceorientation.CompassListener\" /></feature>",
              "count": 1
            },
            {
              "xml": "<feature name=\"Notification\"><param name=\"android-package\" value=\"org.apache.cordova.dialogs.Notification\" /></feature>",
              "count": 1
            },
            {
              "xml": "<feature name=\"Geolocation\"><param name=\"android-package\" value=\"org.apache.cordova.geolocation.Geolocation\" /></feature>",
              "count": 1
            },
            {
              "xml": "<feature name=\"CordovaGoogleMaps\"><param name=\"android-package\" value=\"plugin.google.maps.CordovaGoogleMaps\" /><param name=\"onload\" value=\"true\" /><param name=\"onreset\" value=\"true\" /></feature>",
              "count": 1
            },
            {
              "xml": "<feature name=\"PluginMap\"><param name=\"android-package\" value=\"plugin.google.maps.PluginMap\" /></feature>",
              "count": 1
            },
            {
              "xml": "<feature name=\"PluginPolyline\"><param name=\"android-package\" value=\"plugin.google.maps.PluginPolyline\" /></feature>",
              "count": 1
            },
            {
              "xml": "<feature name=\"PluginPolygon\"><param name=\"android-package\" value=\"plugin.google.maps.PluginPolygon\" /></feature>",
              "count": 1
            },
            {
              "xml": "<feature name=\"PluginMarker\"><param name=\"android-package\" value=\"plugin.google.maps.PluginMarker\" /></feature>",
              "count": 1
            },
            {
              "xml": "<feature name=\"PluginCircle\"><param name=\"android-package\" value=\"plugin.google.maps.PluginCircle\" /></feature>",
              "count": 1
            },
            {
              "xml": "<feature name=\"PluginTileOverlay\"><param name=\"android-package\" value=\"plugin.google.maps.PluginTileOverlay\" /></feature>",
              "count": 1
            },
            {
              "xml": "<feature name=\"PluginGroundOverlay\"><param name=\"android-package\" value=\"plugin.google.maps.PluginGroundOverlay\" /></feature>",
              "count": 1
            },
            {
              "xml": "<feature name=\"PluginKmlOverlay\"><param name=\"android-package\" value=\"plugin.google.maps.PluginKmlOverlay\" /></feature>",
              "count": 1
            },
            {
              "xml": "<feature name=\"PluginGeocoder\"><param name=\"android-package\" value=\"plugin.google.maps.PluginGeocoder\" /></feature>",
              "count": 1
            },
            {
              "xml": "<feature name=\"PluginLocationService\"><param name=\"android-package\" value=\"plugin.google.maps.PluginLocationService\" /></feature>",
              "count": 1
            },
            {
              "xml": "<feature name=\"PluginEnvironment\"><param name=\"android-package\" value=\"plugin.google.maps.PluginEnvironment\" /></feature>",
              "count": 1
            },
            {
              "xml": "<feature name=\"PluginMarkerCluster\"><param name=\"android-package\" value=\"plugin.google.maps.PluginMarkerCluster\" /></feature>",
              "count": 1
            },
            {
              "xml": "<feature name=\"PluginStreetViewPanorama\"><param name=\"android-package\" value=\"plugin.google.maps.PluginStreetViewPanorama\" /></feature>",
              "count": 1
            },
            {
              "xml": "<feature name=\"GPSLocation\"><param name=\"android-package\" value=\"fr.louisbl.cordova.gpslocation.CordovaGPSLocation\" /></feature>",
              "count": 1
            },
            {
              "xml": "<feature name=\"InAppBrowser\"><param name=\"android-package\" value=\"org.apache.cordova.inappbrowser.InAppBrowser\" /></feature>",
              "count": 1
            },
            {
              "xml": "<feature name=\"LocalNotification\"><param name=\"android-package\" value=\"de.appplant.cordova.plugin.localnotification.LocalNotification\" /></feature>",
              "count": 1
            },
            {
              "xml": "<feature name=\"NetworkStatus\"><param name=\"android-package\" value=\"org.apache.cordova.networkinformation.NetworkManager\" /></feature>",
              "count": 1
            },
            {
              "xml": "<feature name=\"BarcodeScanner\"><param name=\"android-package\" value=\"com.phonegap.plugins.barcodescanner.BarcodeScanner\" /></feature>",
              "count": 1
            },
            {
              "xml": "<feature name=\"SplashScreen\"><param name=\"android-package\" value=\"org.apache.cordova.splashscreen.SplashScreen\" /><param name=\"onload\" value=\"true\" /></feature>",
              "count": 1
            },
            {
              "xml": "<feature name=\"Whitelist\"><param name=\"android-package\" value=\"org.apache.cordova.whitelist.WhitelistPlugin\" /><param name=\"onload\" value=\"true\" /></feature>",
              "count": 1
            },
            {
              "xml": "<feature name=\"UniqueDeviceID\"><param name=\"android-package\" value=\"hu.dpal.phonegap.plugins.UniqueDeviceID\" /></feature>",
              "count": 1
            },
            {
              "xml": "<feature name=\"File\"><param name=\"android-package\" value=\"org.apache.cordova.file.FileUtils\" /><param name=\"onload\" value=\"true\" /></feature>",
              "count": 1
            },
            {
              "xml": "<allow-navigation href=\"cdvfile:*\" />",
              "count": 1
            },
            {
              "xml": "<feature name=\"Capture\"><param name=\"android-package\" value=\"org.apache.cordova.mediacapture.Capture\" /></feature>",
              "count": 1
            },
            {
              "xml": "<feature name=\"FileTransfer\"><param name=\"android-package\" value=\"org.apache.cordova.filetransfer.FileTransfer\" /></feature>",
              "count": 1
            }
          ]
        }
      },
      "AndroidManifest.xml": {
        "parents": {
          "/*": [
            {
              "xml": "<uses-permission android:name=\"android.permission.WRITE_EXTERNAL_STORAGE\" />",
              "count": 4
            },
            {
              "xml": "<uses-permission android:name=\"android.permission.ACCESS_COARSE_LOCATION\" />",
              "count": 2
            },
            {
              "xml": "<uses-permission android:name=\"android.permission.ACCESS_FINE_LOCATION\" />",
              "count": 3
            },
            {
              "xml": "<uses-feature android:name=\"android.hardware.location.gps\" />",
              "count": 1
            },
            {
              "xml": "<uses-permission android:name=\"android.permission.ACCESS_NETWORK_STATE\" />",
              "count": 1
            },
            {
              "xml": "<uses-permission android:name=\"android.permission.RECORD_AUDIO\" />",
              "count": 1
            },
            {
              "xml": "<uses-permission android:name=\"android.permission.RECORD_VIDEO\" />",
              "count": 1
            },
            {
              "xml": "<uses-permission android:name=\"android.permission.READ_EXTERNAL_STORAGE\" />",
              "count": 1
            }
          ],
          "application": [
            {
              "xml": "<provider android:authorities=\"${applicationId}.provider\" android:exported=\"false\" android:grantUriPermissions=\"true\" android:name=\"org.apache.cordova.camera.FileProvider\"><meta-data android:name=\"android.support.FILE_PROVIDER_PATHS\" android:resource=\"@xml/camera_provider_paths\" /></provider>",
              "count": 1
            }
          ],
          "/manifest/application": [
            {
              "xml": "<meta-data android:name=\"com.google.android.geo.API_KEY\" android:value=\"${GOOGLE_MAPS_ANDROID_API_KEY}\" />",
              "count": 1
            },
            {
              "xml": "<meta-data android:name=\"com.google.android.gms.version\" android:value=\"@integer/google_play_services_version\" />",
              "count": 1
            },
            {
              "xml": "<uses-library android:name=\"org.apache.http.legacy\" android:required=\"false\" />",
              "count": 1
            },
            {
              "xml": "<provider android:authorities=\"${applicationId}.provider\" android:exported=\"false\" android:grantUriPermissions=\"true\" android:name=\"de.appplant.cordova.plugin.notification.util.AssetProvider\"><meta-data android:name=\"android.support.FILE_PROVIDER_PATHS\" android:resource=\"@xml/localnotification_provider_paths\" /></provider>",
              "count": 1
            },
            {
              "xml": "<receiver android:exported=\"false\" android:name=\"de.appplant.cordova.plugin.localnotification.TriggerReceiver\" />",
              "count": 1
            },
            {
              "xml": "<receiver android:exported=\"false\" android:name=\"de.appplant.cordova.plugin.localnotification.ClearReceiver\" />",
              "count": 1
            },
            {
              "xml": "<activity android:exported=\"false\" android:launchMode=\"singleInstance\" android:name=\"de.appplant.cordova.plugin.localnotification.ClickReceiver\" android:theme=\"@android:style/Theme.Translucent\" />",
              "count": 1
            },
            {
              "xml": "<activity android:clearTaskOnLaunch=\"true\" android:configChanges=\"orientation|keyboardHidden|screenSize\" android:exported=\"false\" android:name=\"com.google.zxing.client.android.CaptureActivity\" android:theme=\"@android:style/Theme.DeviceDefault.NoActionBar\" android:windowSoftInputMode=\"stateAlwaysHidden\" />",
              "count": 1
            },
            {
              "xml": "<activity android:label=\"Share\" android:name=\"com.google.zxing.client.android.encode.EncodeActivity\" />",
              "count": 1
            }
          ],
          "/manifest": [
            {
              "xml": "<uses-permission android:name=\"android.permission.INTERNET\" />",
              "count": 1
            },
            {
              "xml": "<uses-permission android:name=\"android.permission.ACCESS_NETWORK_STATE\" />",
              "count": 1
            },
            {
              "xml": "<uses-permission android:name=\"android.permission.ACCESS_COARSE_LOCATION\" />",
              "count": 1
            },
            {
              "xml": "<uses-permission android:name=\"android.permission.ACCESS_FINE_LOCATION\" />",
              "count": 1
            },
            {
              "xml": "<uses-feature android:glEsVersion=\"0x00020000\" android:required=\"true\" />",
              "count": 1
            },
            {
              "xml": "<uses-feature android:name=\"android.hardware.location\" />",
              "count": 1
            },
            {
              "xml": "<uses-feature android:name=\"android.hardware.location.gps\" />",
              "count": 1
            },
            {
              "xml": "<uses-permission android:name=\"android.permission.WAKE_LOCK\" />",
              "count": 1
            },
            {
              "xml": "<uses-permission android:name=\"android.permission.CAMERA\" />",
              "count": 1
            },
            {
              "xml": "<uses-permission android:name=\"android.permission.FLASHLIGHT\" />",
              "count": 1
            },
            {
              "xml": "<uses-feature android:name=\"android.hardware.camera\" android:required=\"true\" />",
              "count": 1
            },
            {
              "xml": "<uses-permission android:name=\"android.permission.VIBRATE\" />",
              "count": 1
            }
          ]
        }
      }
    }
  },
  "installed_plugins": {
    "cordova-plugin-badge": {
      "PACKAGE_NAME": "sisfokol.presensi.qrcode"
    },
    "cordova-plugin-camera": {
      "ANDROID_SUPPORT_V4_VERSION": "27.+",
      "PACKAGE_NAME": "sisfokol.presensi.qrcode"
    },
    "cordova-plugin-device": {
      "PACKAGE_NAME": "sisfokol.presensi.qrcode"
    },
    "cordova-plugin-device-orientation": {
      "PACKAGE_NAME": "sisfokol.presensi.qrcode"
    },
    "cordova-plugin-dialogs": {
      "PACKAGE_NAME": "sisfokol.presensi.qrcode"
    },
    "cordova-plugin-geolocation": {
      "PACKAGE_NAME": "sisfokol.presensi.qrcode"
    },
    "cordova-plugin-googlemaps": {
      "PLAY_SERVICES_VERSION": "15.0.1",
      "ANDROID_SUPPORT_V4_VERSION": "27.+",
      "PACKAGE_NAME": "sisfokol.presensi.qrcode"
    },
    "cordova-plugin-gpslocation": {
      "PACKAGE_NAME": "sisfokol.presensi.qrcode"
    },
    "cordova-plugin-inappbrowser": {
      "PACKAGE_NAME": "sisfokol.presensi.qrcode"
    },
    "cordova-plugin-local-notification": {
      "PACKAGE_NAME": "sisfokol.presensi.qrcode"
    },
    "cordova-plugin-network-information": {
      "PACKAGE_NAME": "sisfokol.presensi.qrcode"
    },
    "cordova-plugin-qr-barcode-scanner": {
      "ANDROID_SUPPORT_V4_VERSION": "27.+",
      "PACKAGE_NAME": "sisfokol.presensi.qrcode"
    },
    "cordova-plugin-splashscreen": {
      "PACKAGE_NAME": "sisfokol.presensi.qrcode"
    },
    "cordova-plugin-tts": {
      "PACKAGE_NAME": "sisfokol.presensi.qrcode"
    },
    "cordova-plugin-vibration": {
      "PACKAGE_NAME": "sisfokol.presensi.qrcode"
    },
    "cordova-plugin-whitelist": {
      "PACKAGE_NAME": "sisfokol.presensi.qrcode"
    },
    "cordova-unique-device-id": {
      "PACKAGE_NAME": "sisfokol.presensi.qrcode"
    },
    "cordova-plugin-file": {
      "PACKAGE_NAME": "sisfokol.presensi.qrcode"
    },
    "cordova-plugin-media-capture": {
      "PACKAGE_NAME": "sisfokol.presensi.qrcode"
    },
    "cordova-plugin-file-transfer": {
      "PACKAGE_NAME": "sisfokol.presensi.qrcode"
    }
  },
  "dependent_plugins": {},
  "modules": [
    {
      "id": "cordova-plugin-badge.Badge",
      "file": "plugins/cordova-plugin-badge/www/badge.js",
      "pluginId": "cordova-plugin-badge",
      "clobbers": [
        "cordova.plugins.notification.badge"
      ]
    },
    {
      "id": "cordova-plugin-camera.Camera",
      "file": "plugins/cordova-plugin-camera/www/CameraConstants.js",
      "pluginId": "cordova-plugin-camera",
      "clobbers": [
        "Camera"
      ]
    },
    {
      "id": "cordova-plugin-camera.CameraPopoverOptions",
      "file": "plugins/cordova-plugin-camera/www/CameraPopoverOptions.js",
      "pluginId": "cordova-plugin-camera",
      "clobbers": [
        "CameraPopoverOptions"
      ]
    },
    {
      "id": "cordova-plugin-camera.camera",
      "file": "plugins/cordova-plugin-camera/www/Camera.js",
      "pluginId": "cordova-plugin-camera",
      "clobbers": [
        "navigator.camera"
      ]
    },
    {
      "id": "cordova-plugin-camera.CameraPopoverHandle",
      "file": "plugins/cordova-plugin-camera/www/CameraPopoverHandle.js",
      "pluginId": "cordova-plugin-camera",
      "clobbers": [
        "CameraPopoverHandle"
      ]
    },
    {
      "id": "cordova-plugin-device.device",
      "file": "plugins/cordova-plugin-device/www/device.js",
      "pluginId": "cordova-plugin-device",
      "clobbers": [
        "device"
      ]
    },
    {
      "id": "cordova-plugin-device-orientation.CompassError",
      "file": "plugins/cordova-plugin-device-orientation/www/CompassError.js",
      "pluginId": "cordova-plugin-device-orientation",
      "clobbers": [
        "CompassError"
      ]
    },
    {
      "id": "cordova-plugin-device-orientation.CompassHeading",
      "file": "plugins/cordova-plugin-device-orientation/www/CompassHeading.js",
      "pluginId": "cordova-plugin-device-orientation",
      "clobbers": [
        "CompassHeading"
      ]
    },
    {
      "id": "cordova-plugin-device-orientation.compass",
      "file": "plugins/cordova-plugin-device-orientation/www/compass.js",
      "pluginId": "cordova-plugin-device-orientation",
      "clobbers": [
        "navigator.compass"
      ]
    },
    {
      "id": "cordova-plugin-dialogs.notification",
      "file": "plugins/cordova-plugin-dialogs/www/notification.js",
      "pluginId": "cordova-plugin-dialogs",
      "merges": [
        "navigator.notification"
      ]
    },
    {
      "id": "cordova-plugin-dialogs.notification_android",
      "file": "plugins/cordova-plugin-dialogs/www/android/notification.js",
      "pluginId": "cordova-plugin-dialogs",
      "merges": [
        "navigator.notification"
      ]
    },
    {
      "id": "cordova-plugin-geolocation.geolocation",
      "file": "plugins/cordova-plugin-geolocation/www/android/geolocation.js",
      "pluginId": "cordova-plugin-geolocation",
      "clobbers": [
        "navigator.geolocation"
      ]
    },
    {
      "id": "cordova-plugin-geolocation.PositionError",
      "file": "plugins/cordova-plugin-geolocation/www/PositionError.js",
      "pluginId": "cordova-plugin-geolocation",
      "runs": true
    },
    {
      "id": "cordova-plugin-googlemaps.Promise",
      "file": "plugins/cordova-plugin-googlemaps/www/Promise.js",
      "pluginId": "cordova-plugin-googlemaps"
    },
    {
      "id": "cordova-plugin-googlemaps.BaseClass",
      "file": "plugins/cordova-plugin-googlemaps/www/BaseClass.js",
      "pluginId": "cordova-plugin-googlemaps",
      "runs": true
    },
    {
      "id": "cordova-plugin-googlemaps.BaseArrayClass",
      "file": "plugins/cordova-plugin-googlemaps/www/BaseArrayClass.js",
      "pluginId": "cordova-plugin-googlemaps",
      "runs": true
    },
    {
      "id": "cordova-plugin-googlemaps.LatLng",
      "file": "plugins/cordova-plugin-googlemaps/www/LatLng.js",
      "pluginId": "cordova-plugin-googlemaps",
      "runs": true
    },
    {
      "id": "cordova-plugin-googlemaps.LatLngBounds",
      "file": "plugins/cordova-plugin-googlemaps/www/LatLngBounds.js",
      "pluginId": "cordova-plugin-googlemaps",
      "runs": true
    },
    {
      "id": "cordova-plugin-googlemaps.VisibleRegion",
      "file": "plugins/cordova-plugin-googlemaps/www/VisibleRegion.js",
      "pluginId": "cordova-plugin-googlemaps",
      "runs": true
    },
    {
      "id": "cordova-plugin-googlemaps.Location",
      "file": "plugins/cordova-plugin-googlemaps/www/Location.js",
      "pluginId": "cordova-plugin-googlemaps",
      "runs": true
    },
    {
      "id": "cordova-plugin-googlemaps.CameraPosition",
      "file": "plugins/cordova-plugin-googlemaps/www/CameraPosition.js",
      "pluginId": "cordova-plugin-googlemaps",
      "runs": true
    },
    {
      "id": "cordova-plugin-googlemaps.Polyline",
      "file": "plugins/cordova-plugin-googlemaps/www/Polyline.js",
      "pluginId": "cordova-plugin-googlemaps",
      "runs": true
    },
    {
      "id": "cordova-plugin-googlemaps.Polygon",
      "file": "plugins/cordova-plugin-googlemaps/www/Polygon.js",
      "pluginId": "cordova-plugin-googlemaps",
      "runs": true
    },
    {
      "id": "cordova-plugin-googlemaps.Marker",
      "file": "plugins/cordova-plugin-googlemaps/www/Marker.js",
      "pluginId": "cordova-plugin-googlemaps",
      "runs": true
    },
    {
      "id": "cordova-plugin-googlemaps.HtmlInfoWindow",
      "file": "plugins/cordova-plugin-googlemaps/www/HtmlInfoWindow.js",
      "pluginId": "cordova-plugin-googlemaps",
      "runs": true
    },
    {
      "id": "cordova-plugin-googlemaps.Circle",
      "file": "plugins/cordova-plugin-googlemaps/www/Circle.js",
      "pluginId": "cordova-plugin-googlemaps",
      "runs": true
    },
    {
      "id": "cordova-plugin-googlemaps.TileOverlay",
      "file": "plugins/cordova-plugin-googlemaps/www/TileOverlay.js",
      "pluginId": "cordova-plugin-googlemaps",
      "runs": true
    },
    {
      "id": "cordova-plugin-googlemaps.GroundOverlay",
      "file": "plugins/cordova-plugin-googlemaps/www/GroundOverlay.js",
      "pluginId": "cordova-plugin-googlemaps",
      "runs": true
    },
    {
      "id": "cordova-plugin-googlemaps.Common",
      "file": "plugins/cordova-plugin-googlemaps/www/Common.js",
      "pluginId": "cordova-plugin-googlemaps",
      "runs": true
    },
    {
      "id": "cordova-plugin-googlemaps.encoding",
      "file": "plugins/cordova-plugin-googlemaps/www/encoding.js",
      "pluginId": "cordova-plugin-googlemaps",
      "runs": true
    },
    {
      "id": "cordova-plugin-googlemaps.spherical",
      "file": "plugins/cordova-plugin-googlemaps/www/spherical.js",
      "pluginId": "cordova-plugin-googlemaps",
      "runs": true
    },
    {
      "id": "cordova-plugin-googlemaps.poly",
      "file": "plugins/cordova-plugin-googlemaps/www/poly.js",
      "pluginId": "cordova-plugin-googlemaps",
      "runs": true
    },
    {
      "id": "cordova-plugin-googlemaps.Geocoder",
      "file": "plugins/cordova-plugin-googlemaps/www/Geocoder.js",
      "pluginId": "cordova-plugin-googlemaps",
      "runs": true
    },
    {
      "id": "cordova-plugin-googlemaps.LocationService",
      "file": "plugins/cordova-plugin-googlemaps/www/LocationService.js",
      "pluginId": "cordova-plugin-googlemaps",
      "runs": true
    },
    {
      "id": "cordova-plugin-googlemaps.Map",
      "file": "plugins/cordova-plugin-googlemaps/www/Map.js",
      "pluginId": "cordova-plugin-googlemaps",
      "runs": true
    },
    {
      "id": "cordova-plugin-googlemaps.event",
      "file": "plugins/cordova-plugin-googlemaps/www/event.js",
      "pluginId": "cordova-plugin-googlemaps",
      "runs": true
    },
    {
      "id": "cordova-plugin-googlemaps.MapTypeId",
      "file": "plugins/cordova-plugin-googlemaps/www/MapTypeId.js",
      "pluginId": "cordova-plugin-googlemaps",
      "runs": true
    },
    {
      "id": "cordova-plugin-googlemaps.KmlOverlay",
      "file": "plugins/cordova-plugin-googlemaps/www/KmlOverlay.js",
      "pluginId": "cordova-plugin-googlemaps",
      "runs": true
    },
    {
      "id": "cordova-plugin-googlemaps.KmlLoader",
      "file": "plugins/cordova-plugin-googlemaps/www/KmlLoader.js",
      "pluginId": "cordova-plugin-googlemaps",
      "runs": true
    },
    {
      "id": "cordova-plugin-googlemaps.Environment",
      "file": "plugins/cordova-plugin-googlemaps/www/Environment.js",
      "pluginId": "cordova-plugin-googlemaps",
      "runs": true
    },
    {
      "id": "cordova-plugin-googlemaps.MarkerCluster",
      "file": "plugins/cordova-plugin-googlemaps/www/MarkerCluster.js",
      "pluginId": "cordova-plugin-googlemaps",
      "runs": true
    },
    {
      "id": "cordova-plugin-googlemaps.Cluster",
      "file": "plugins/cordova-plugin-googlemaps/www/Cluster.js",
      "pluginId": "cordova-plugin-googlemaps",
      "runs": true
    },
    {
      "id": "cordova-plugin-googlemaps.geomodel",
      "file": "plugins/cordova-plugin-googlemaps/www/geomodel.js",
      "pluginId": "cordova-plugin-googlemaps",
      "runs": true
    },
    {
      "id": "cordova-plugin-googlemaps.commandQueueExecutor",
      "file": "plugins/cordova-plugin-googlemaps/www/commandQueueExecutor.js",
      "pluginId": "cordova-plugin-googlemaps",
      "runs": true
    },
    {
      "id": "cordova-plugin-googlemaps.pluginInit",
      "file": "plugins/cordova-plugin-googlemaps/www/pluginInit.js",
      "pluginId": "cordova-plugin-googlemaps",
      "runs": true
    },
    {
      "id": "cordova-plugin-googlemaps.StreetViewPanorama",
      "file": "plugins/cordova-plugin-googlemaps/www/StreetViewPanorama.js",
      "pluginId": "cordova-plugin-googlemaps",
      "runs": true
    },
    {
      "id": "cordova-plugin-googlemaps.Overlay",
      "file": "plugins/cordova-plugin-googlemaps/www/Overlay.js",
      "pluginId": "cordova-plugin-googlemaps",
      "runs": true
    },
    {
      "id": "cordova-plugin-googlemaps.Thread",
      "file": "plugins/cordova-plugin-googlemaps/www/Thread.js",
      "pluginId": "cordova-plugin-googlemaps",
      "runs": true
    },
    {
      "id": "cordova-plugin-googlemaps.InlineWorker",
      "file": "plugins/cordova-plugin-googlemaps/www/InlineWorker.js",
      "pluginId": "cordova-plugin-googlemaps",
      "runs": true
    },
    {
      "id": "cordova-plugin-googlemaps.googlemaps-cdv-plugin",
      "file": "plugins/cordova-plugin-googlemaps/www/plugin-loader-for-android_ios.js",
      "pluginId": "cordova-plugin-googlemaps",
      "clobbers": [
        "plugin.google.maps"
      ]
    },
    {
      "id": "cordova-plugin-googlemaps.js_CordovaGoogleMaps",
      "file": "plugins/cordova-plugin-googlemaps/www/js_CordovaGoogleMaps-for-android_ios.js",
      "pluginId": "cordova-plugin-googlemaps",
      "runs": true
    },
    {
      "id": "cordova-plugin-gpslocation.Coordinates",
      "file": "plugins/cordova-plugin-gpslocation/www/Coordinates.js",
      "pluginId": "cordova-plugin-gpslocation",
      "clobbers": [
        "Coordinates"
      ]
    },
    {
      "id": "cordova-plugin-gpslocation.PositionError",
      "file": "plugins/cordova-plugin-gpslocation/www/PositionError.js",
      "pluginId": "cordova-plugin-gpslocation",
      "clobbers": [
        "PositionError"
      ]
    },
    {
      "id": "cordova-plugin-gpslocation.Position",
      "file": "plugins/cordova-plugin-gpslocation/www/Position.js",
      "pluginId": "cordova-plugin-gpslocation",
      "clobbers": [
        "Position"
      ]
    },
    {
      "id": "cordova-plugin-gpslocation.GPSLocation",
      "file": "plugins/cordova-plugin-gpslocation/www/GPSLocation.js",
      "pluginId": "cordova-plugin-gpslocation",
      "clobbers": [
        "window.GPSLocation"
      ]
    },
    {
      "id": "cordova-plugin-inappbrowser.inappbrowser",
      "file": "plugins/cordova-plugin-inappbrowser/www/inappbrowser.js",
      "pluginId": "cordova-plugin-inappbrowser",
      "clobbers": [
        "cordova.InAppBrowser.open",
        "window.open"
      ]
    },
    {
      "id": "cordova-plugin-local-notification.LocalNotification",
      "file": "plugins/cordova-plugin-local-notification/www/local-notification.js",
      "pluginId": "cordova-plugin-local-notification",
      "clobbers": [
        "cordova.plugins.notification.local"
      ]
    },
    {
      "id": "cordova-plugin-local-notification.LocalNotification.Core",
      "file": "plugins/cordova-plugin-local-notification/www/local-notification-core.js",
      "pluginId": "cordova-plugin-local-notification",
      "clobbers": [
        "cordova.plugins.notification.local.core",
        "plugin.notification.local.core"
      ]
    },
    {
      "id": "cordova-plugin-local-notification.LocalNotification.Util",
      "file": "plugins/cordova-plugin-local-notification/www/local-notification-util.js",
      "pluginId": "cordova-plugin-local-notification",
      "merges": [
        "cordova.plugins.notification.local.core",
        "plugin.notification.local.core"
      ]
    },
    {
      "id": "cordova-plugin-network-information.network",
      "file": "plugins/cordova-plugin-network-information/www/network.js",
      "pluginId": "cordova-plugin-network-information",
      "clobbers": [
        "navigator.connection",
        "navigator.network.connection"
      ]
    },
    {
      "id": "cordova-plugin-network-information.Connection",
      "file": "plugins/cordova-plugin-network-information/www/Connection.js",
      "pluginId": "cordova-plugin-network-information",
      "clobbers": [
        "Connection"
      ]
    },
    {
      "id": "cordova-plugin-qr-barcode-scanner.BarcodeScanner",
      "file": "plugins/cordova-plugin-qr-barcode-scanner/www/barcodescanner.js",
      "pluginId": "cordova-plugin-qr-barcode-scanner",
      "clobbers": [
        "cordova.plugins.barcodeScanner"
      ]
    },
    {
      "id": "cordova-plugin-splashscreen.SplashScreen",
      "file": "plugins/cordova-plugin-splashscreen/www/splashscreen.js",
      "pluginId": "cordova-plugin-splashscreen",
      "clobbers": [
        "navigator.splashscreen"
      ]
    },
    {
      "id": "cordova-plugin-tts.tts",
      "file": "plugins/cordova-plugin-tts/www/tts.js",
      "pluginId": "cordova-plugin-tts",
      "clobbers": [
        "TTS"
      ]
    },
    {
      "id": "cordova-unique-device-id.UniqueDeviceID",
      "file": "plugins/cordova-unique-device-id/www/uniqueid.js",
      "pluginId": "cordova-unique-device-id",
      "merges": [
        "window.plugins.uniqueDeviceID"
      ]
    },
    {
      "id": "cordova-plugin-file.DirectoryEntry",
      "file": "plugins/cordova-plugin-file/www/DirectoryEntry.js",
      "pluginId": "cordova-plugin-file",
      "clobbers": [
        "window.DirectoryEntry"
      ]
    },
    {
      "id": "cordova-plugin-file.DirectoryReader",
      "file": "plugins/cordova-plugin-file/www/DirectoryReader.js",
      "pluginId": "cordova-plugin-file",
      "clobbers": [
        "window.DirectoryReader"
      ]
    },
    {
      "id": "cordova-plugin-file.Entry",
      "file": "plugins/cordova-plugin-file/www/Entry.js",
      "pluginId": "cordova-plugin-file",
      "clobbers": [
        "window.Entry"
      ]
    },
    {
      "id": "cordova-plugin-file.File",
      "file": "plugins/cordova-plugin-file/www/File.js",
      "pluginId": "cordova-plugin-file",
      "clobbers": [
        "window.File"
      ]
    },
    {
      "id": "cordova-plugin-file.FileEntry",
      "file": "plugins/cordova-plugin-file/www/FileEntry.js",
      "pluginId": "cordova-plugin-file",
      "clobbers": [
        "window.FileEntry"
      ]
    },
    {
      "id": "cordova-plugin-file.FileError",
      "file": "plugins/cordova-plugin-file/www/FileError.js",
      "pluginId": "cordova-plugin-file",
      "clobbers": [
        "window.FileError"
      ]
    },
    {
      "id": "cordova-plugin-file.FileReader",
      "file": "plugins/cordova-plugin-file/www/FileReader.js",
      "pluginId": "cordova-plugin-file",
      "clobbers": [
        "window.FileReader"
      ]
    },
    {
      "id": "cordova-plugin-file.FileSystem",
      "file": "plugins/cordova-plugin-file/www/FileSystem.js",
      "pluginId": "cordova-plugin-file",
      "clobbers": [
        "window.FileSystem"
      ]
    },
    {
      "id": "cordova-plugin-file.FileUploadOptions",
      "file": "plugins/cordova-plugin-file/www/FileUploadOptions.js",
      "pluginId": "cordova-plugin-file",
      "clobbers": [
        "window.FileUploadOptions"
      ]
    },
    {
      "id": "cordova-plugin-file.FileUploadResult",
      "file": "plugins/cordova-plugin-file/www/FileUploadResult.js",
      "pluginId": "cordova-plugin-file",
      "clobbers": [
        "window.FileUploadResult"
      ]
    },
    {
      "id": "cordova-plugin-file.FileWriter",
      "file": "plugins/cordova-plugin-file/www/FileWriter.js",
      "pluginId": "cordova-plugin-file",
      "clobbers": [
        "window.FileWriter"
      ]
    },
    {
      "id": "cordova-plugin-file.Flags",
      "file": "plugins/cordova-plugin-file/www/Flags.js",
      "pluginId": "cordova-plugin-file",
      "clobbers": [
        "window.Flags"
      ]
    },
    {
      "id": "cordova-plugin-file.LocalFileSystem",
      "file": "plugins/cordova-plugin-file/www/LocalFileSystem.js",
      "pluginId": "cordova-plugin-file",
      "clobbers": [
        "window.LocalFileSystem"
      ],
      "merges": [
        "window"
      ]
    },
    {
      "id": "cordova-plugin-file.Metadata",
      "file": "plugins/cordova-plugin-file/www/Metadata.js",
      "pluginId": "cordova-plugin-file",
      "clobbers": [
        "window.Metadata"
      ]
    },
    {
      "id": "cordova-plugin-file.ProgressEvent",
      "file": "plugins/cordova-plugin-file/www/ProgressEvent.js",
      "pluginId": "cordova-plugin-file",
      "clobbers": [
        "window.ProgressEvent"
      ]
    },
    {
      "id": "cordova-plugin-file.fileSystems",
      "file": "plugins/cordova-plugin-file/www/fileSystems.js",
      "pluginId": "cordova-plugin-file"
    },
    {
      "id": "cordova-plugin-file.requestFileSystem",
      "file": "plugins/cordova-plugin-file/www/requestFileSystem.js",
      "pluginId": "cordova-plugin-file",
      "clobbers": [
        "window.requestFileSystem"
      ]
    },
    {
      "id": "cordova-plugin-file.resolveLocalFileSystemURI",
      "file": "plugins/cordova-plugin-file/www/resolveLocalFileSystemURI.js",
      "pluginId": "cordova-plugin-file",
      "merges": [
        "window"
      ]
    },
    {
      "id": "cordova-plugin-file.isChrome",
      "file": "plugins/cordova-plugin-file/www/browser/isChrome.js",
      "pluginId": "cordova-plugin-file",
      "runs": true
    },
    {
      "id": "cordova-plugin-file.androidFileSystem",
      "file": "plugins/cordova-plugin-file/www/android/FileSystem.js",
      "pluginId": "cordova-plugin-file",
      "merges": [
        "FileSystem"
      ]
    },
    {
      "id": "cordova-plugin-file.fileSystems-roots",
      "file": "plugins/cordova-plugin-file/www/fileSystems-roots.js",
      "pluginId": "cordova-plugin-file",
      "runs": true
    },
    {
      "id": "cordova-plugin-file.fileSystemPaths",
      "file": "plugins/cordova-plugin-file/www/fileSystemPaths.js",
      "pluginId": "cordova-plugin-file",
      "merges": [
        "cordova"
      ],
      "runs": true
    },
    {
      "id": "cordova-plugin-media-capture.CaptureAudioOptions",
      "file": "plugins/cordova-plugin-media-capture/www/CaptureAudioOptions.js",
      "pluginId": "cordova-plugin-media-capture",
      "clobbers": [
        "CaptureAudioOptions"
      ]
    },
    {
      "id": "cordova-plugin-media-capture.CaptureImageOptions",
      "file": "plugins/cordova-plugin-media-capture/www/CaptureImageOptions.js",
      "pluginId": "cordova-plugin-media-capture",
      "clobbers": [
        "CaptureImageOptions"
      ]
    },
    {
      "id": "cordova-plugin-media-capture.CaptureVideoOptions",
      "file": "plugins/cordova-plugin-media-capture/www/CaptureVideoOptions.js",
      "pluginId": "cordova-plugin-media-capture",
      "clobbers": [
        "CaptureVideoOptions"
      ]
    },
    {
      "id": "cordova-plugin-media-capture.CaptureError",
      "file": "plugins/cordova-plugin-media-capture/www/CaptureError.js",
      "pluginId": "cordova-plugin-media-capture",
      "clobbers": [
        "CaptureError"
      ]
    },
    {
      "id": "cordova-plugin-media-capture.MediaFileData",
      "file": "plugins/cordova-plugin-media-capture/www/MediaFileData.js",
      "pluginId": "cordova-plugin-media-capture",
      "clobbers": [
        "MediaFileData"
      ]
    },
    {
      "id": "cordova-plugin-media-capture.MediaFile",
      "file": "plugins/cordova-plugin-media-capture/www/MediaFile.js",
      "pluginId": "cordova-plugin-media-capture",
      "clobbers": [
        "MediaFile"
      ]
    },
    {
      "id": "cordova-plugin-media-capture.helpers",
      "file": "plugins/cordova-plugin-media-capture/www/helpers.js",
      "pluginId": "cordova-plugin-media-capture",
      "runs": true
    },
    {
      "id": "cordova-plugin-media-capture.capture",
      "file": "plugins/cordova-plugin-media-capture/www/capture.js",
      "pluginId": "cordova-plugin-media-capture",
      "clobbers": [
        "navigator.device.capture"
      ]
    },
    {
      "id": "cordova-plugin-media-capture.init",
      "file": "plugins/cordova-plugin-media-capture/www/android/init.js",
      "pluginId": "cordova-plugin-media-capture",
      "runs": true
    },
    {
      "id": "cordova-plugin-file-transfer.FileTransferError",
      "file": "plugins/cordova-plugin-file-transfer/www/FileTransferError.js",
      "pluginId": "cordova-plugin-file-transfer",
      "clobbers": [
        "window.FileTransferError"
      ]
    },
    {
      "id": "cordova-plugin-file-transfer.FileTransfer",
      "file": "plugins/cordova-plugin-file-transfer/www/FileTransfer.js",
      "pluginId": "cordova-plugin-file-transfer",
      "clobbers": [
        "window.FileTransfer"
      ]
    }
  ],
  "plugin_metadata": {
    "cordova-plugin-badge": "0.8.8",
    "cordova-plugin-camera": "4.1.0",
    "cordova-plugin-device": "2.0.3",
    "cordova-plugin-device-orientation": "2.0.1",
    "cordova-plugin-dialogs": "2.0.2",
    "cordova-plugin-geolocation": "4.0.2",
    "cordova-plugin-googlemaps": "2.6.2",
    "cordova-plugin-gpslocation": "1.0.0",
    "cordova-plugin-inappbrowser": "3.1.0",
    "cordova-plugin-local-notification": "0.9.0-beta.2",
    "cordova-plugin-network-information": "2.0.2",
    "cordova-plugin-qr-barcode-scanner": "8.0.3",
    "cordova-plugin-splashscreen": "5.0.3",
    "cordova-plugin-tts": "0.2.3",
    "cordova-plugin-vibration": "3.1.1",
    "cordova-plugin-whitelist": "1.3.4",
    "cordova-unique-device-id": "1.3.2",
    "cordova-plugin-file": "6.0.2",
    "cordova-plugin-media-capture": "3.0.3",
    "cordova-plugin-file-transfer": "1.7.1"
  }
}
